course_id,prerequisite_course_id,min_grade
6,5,DD
14,5,DD
11,5,DD
11,4,DD
12,7,DD
13,2,DD
9,4,DD
8,5,DD
10,5,DD
18,3,DD
16,1,DD
25,10,DD
22,2,DD
19,3,DD
20,3,DD
27,2,DD
45,10,DD
39,10,DD
52,49,DD
53,48,DD
54,49,DD
55,50,DD
56,51,DD
57,47,DD
58,47,DD
59,54,DD
60,54,DD
62,57,DD
63,57,DD
64,57,DD
67,57,DD
68,53,DD
82,77,DD
83,79,DD
84,80,DD
85,79,DD
86,79,DD
87,83,DD
88,85,DD
89,78,DD
90,84,DD
92,77,DD
97,83,DD
106,83,DD
112,107,DD
113,108,DD
114,109,DD
115,109,DD
116,108,DD
117,112,DD
118,113,DD
119,109,DD
120,110,DD
122,112,DD
123,114,DD
134,112,DD
142,138,DD
143,138,DD
144,140,DD
145,139,DD
146,140,DD
147,138,DD
148,144,DD
149,145,DD
150,141,DD
152,147,DD
153,143,DD
157,147,DD
