student_id,name,dept_id,phone,cgpa,total_credits_completed
83,Kamal Iyer,1,+919740389325,9.17,140
84,Bala Bhatt,1,+918925276600,7.96,156
85,Laxman Thakur,1,+918637500247,9.32,148
86,Naina Kapoor,1,+917264109919,7.09,156
87,Namita Mukherjee,1,+917162196678,8.68,148
88,Lakshmi Bhatt,1,+917237859287,8.73,140
89,Chetna Dubey,1,+917679064766,7.22,156
90,Veena Rajan,1,+918570406376,9.58,148
91,Vijay Rao,1,+916176228245,8.15,156
92,Harshit Dutta,1,+919330035022,5.49,156
93,Tushar Mahajan,1,+919304451095,6.37,156
94,Nitin Kumar,1,+916165082363,8.21,142
95,Mihir Bhat,1,+918596743109,6.29,156
96,Falguni Nair,1,+916800235246,7.51,142
97,Tanmay Sharma,1,+919384759615,9.21,140
98,Oviya Malhotra,1,+919266211829,8.51,148
99,Kavya Rathore,1,+918161380746,7.92,156
100,Farhan Reddy,1,+916825003955,8.23,142
101,Nandini Tiwari,1,+918379995032,7.04,148
102,Pankaj Sinha,1,+918907308348,9.23,156
103,Mayank Mehta,1,+917474745382,8.77,156
104,Daksh Chowdhury,1,+918756783995,7.15,156
105,Rahul Joshi,1,+918223940587,9.3,142
106,Lavanya Chowdhury,1,+918318610946,7.82,156
107,Isha Gupta,1,+919990505735,9.05,156
108,Hemant Chowdhury,1,+919702269164,8.43,148
109,Tejas Malhotra,1,+917561479973,3.31,156
110,Esha Desai,1,+917832363533,5.33,156
111,Govind Ghosh,1,+917354194771,7.34,148
112,Chandra Bhat,1,+918940081098,7.12,156
113,Ayush Iyer,1,+916510751046,9.05,150
114,Bhavana Desai,1,+918981044229,9.69,150
115,Chirag Agarwal,1,+916930353157,6.89,148
116,Brijesh Pandey,1,+916223847257,9.24,156
117,Ishan Thakur,1,+918568574364,7.84,140
118,Yamini Singh,1,+919101815992,6.69,156
119,Prem Dutta,1,+917491079829,6.33,156
120,Pankaj Kapoor,1,+918816070802,8.0,156
121,Kritika Dutta,1,+919827264603,8.05,156
122,Aarav Mukherjee,1,+918325681936,6.89,140
123,Tarun Hegde,1,+917648868899,8.92,148
124,Mukesh Ghosh,1,+918200273738,7.88,156
125,Ishaan Verma,1,+916149621604,6.7,148
126,Himanshu Chowdhury,1,+919630833445,6.38,156
127,Yamuna Nair,1,+919334978881,6.29,156
128,Uma Das,1,+919243171768,7.42,156
129,Mayank Dubey,1,+919270894498,8.8,142
130,Naina Agarwal,1,+919772966010,5.36,156
131,Damini Shah,1,+916248578017,7.62,156
132,Jatin Tiwari,1,+918682624278,5.85,156
133,Yamuna Dhawan,1,+916922050912,8.04,148
134,Kritika Bhatt,1,+917624232414,9.17,156
135,Aadhira Saxena,1,+917601856351,8.9,142
136,Yashika Sethi,1,+916190137896,7.83,156
137,Tanmay Shah,1,+917588229686,7.59,142
138,Kritika Mehta,1,+916604988121,2.45,156
139,Ravi Singh,1,+916365518424,8.13,156
140,Veena Das,1,+917599326438,8.91,148
141,Shalini Chowdhury,1,+916935147672,8.65,156
142,Shubham Saxena,1,+917181600593,8.62,142
143,Radhika Hegde,1,+916954942461,7.23,150
144,Hema Sharma,1,+919982971099,7.68,148
145,Bhavana Chowdhury,1,+917567600762,5.65,142
146,Brijesh Mahajan,1,+919567694547,8.79,150
147,Omkar Agarwal,1,+919361846370,7.41,148
148,Harini Shah,1,+917623502759,6.72,156
149,Ganesh Agarwal,1,+916654724287,6.95,156
150,Payal Chowdhury,1,+919581223755,7.08,148
151,Anusha Malhotra,1,+918556881239,7.72,142
152,Laxman Mishra,1,+918228370927,6.91,148
153,Qasim Mahajan,1,+918878017216,6.74,148
154,Himanshu Banerjee,1,+917487493096,6.68,148
155,Tanuja Khanna,1,+916113169872,7.87,156
156,Isha Mehta,1,+919222500131,9.24,148
157,Isha Verma,1,+917970957171,6.74,156
158,Hari Rao,1,+919583736219,7.62,156
159,Qasim Nair,1,+917771641650,7.56,140
160,Meera Iyer,1,+916538642403,8.03,150
161,Haripriya Banerjee,1,+919176428684,6.54,142
162,Trilok Mishra,1,+919223240112,5.49,156
163,Manav Kumar,1,+917951078441,6.06,156
164,Shreya Sinha,1,+918851333320,6.77,156
165,Archana Singh,1,+919888699799,8.37,156
166,Rekha Dhawan,1,+916921155204,9.59,148
167,Abhinav Chopra,1,+919398668350,5.58,156
168,Pallavi Mahajan,1,+918538460431,6.08,156
169,Darshan Malhotra,1,+916588365604,7.62,156
170,Prasad Sharma,1,+919543721204,4.6,156
171,Tarun Kumar,1,+917386749454,7.96,156
172,Shreya Patel,1,+917862123506,5.55,142
173,Sakshi Sinha,1,+916795472980,7.73,156
174,Diya Tiwari,1,+919607042130,7.1,134
175,Nikita Rathore,1,+917174958005,6.97,156
176,Mayank Agarwal,1,+916403696046,7.51,150
177,Yash Chauhan,1,+919470574014,7.13,156
178,Gauri Swamy,1,+917713963047,7.45,148
179,Anusha Chowdhury,1,+919514548900,9.1,156
180,Priya Chopra,1,+919116479358,7.37,150
181,Abhinav Mehta,1,+918769219685,6.24,148
182,Aakash Patil,1,+918773020489,9.86,156
183,Kunal Rao,1,+916565973314,9.22,156
184,Deepika Singh,1,+918954852540,5.97,156
185,Hritik Sethi,1,+917282518553,6.77,148
186,Kishore Dhawan,1,+917349310440,6.03,156
187,Aadhira Bhatt,1,+917179308612,6.67,150
188,Mihir Swamy,1,+918590523712,7.59,148
189,Rekha Banerjee,1,+918123557463,5.94,140
190,Harsh Bose,1,+919994253959,8.85,156
191,Hari Mehta,1,+917774576271,8.72,150
192,Dhruv Dhawan,1,+918886365312,7.0,148
193,Jaya Joshi,1,+918669998399,8.81,148
194,Chaitra Banerjee,1,+918963538119,7.54,156
195,Aadhira Thakur,1,+919963919401,7.84,140
196,Preeti Hegde,1,+918727666622,7.81,140
197,Abhinav Patel,1,+918755070775,4.88,150
198,Radhika Rajan,1,+919225279834,6.61,148
199,Pranav Pillai,1,+917517305280,5.77,148
200,Kritika Dhawan,1,+917545478870,7.74,144
201,Harshit Singh,1,+918333291547,6.4,156
202,Payal Desai,1,+916527499187,8.67,156
203,Naina Bose,1,+916154308262,9.13,142
204,Lakshmi Malhotra,1,+917729624046,6.46,156
205,Alok Sharma,1,+918255357534,6.12,148
206,Amrita Kumar,1,+917896413702,9.17,156
207,Namita Kapoor,1,+916585337126,9.38,148
208,Sunita Chopra,1,+918591819409,7.93,148
209,Janaki Chauhan,1,+916186748119,7.95,156
210,Janaki Shah,1,+919741444618,6.76,156
211,Ganesh Das,1,+917561784080,7.95,148
212,Jatin Thakur,1,+916435596237,7.35,156
213,Anusha Reddy,1,+916993108266,4.43,148
214,Sneha Malhotra,1,+916729712082,5.93,134
215,Mihir Thakur,1,+916408839723,7.53,156
216,Sunita Mahajan,1,+917216198604,8.5,156
217,Pooja Dubey,1,+916753903309,9.32,156
218,Ganesh Mukherjee,1,+918476908532,1.38,156
219,Varun Rathore,1,+916198524063,8.46,140
220,Preeti Mukherjee,1,+918934120892,6.0,156
221,Jatin Agarwal,1,+917910614025,9.27,156
222,Yashika Khanna,1,+918148766522,8.76,142
223,Mohan Joshi,1,+918410791488,5.53,150
224,Tanmay Bhatt,1,+917637152602,8.36,156
225,Qasim Singh,1,+919120123575,8.04,148
226,Ela Chowdhury,1,+919410864588,6.08,126
227,Namita Gupta,1,+919213669678,6.64,156
228,Tara Rathore,1,+918337911187,6.68,148
229,Nikita Mishra,1,+918476990466,9.42,156
230,Basant Verma,1,+916290209201,7.08,150
231,Megha Rajan,1,+918773469560,7.16,150
232,Garima Dhawan,1,+916477895080,7.46,156
233,Kunal Reddy,1,+916760360225,7.35,156
234,Vanshika Sethi,1,+917445236735,5.99,156
235,Janaki Gupta,1,+917142028540,7.22,148
236,Aditya Kulkarni,1,+918403754671,6.28,150
237,Leela Rajan,1,+918170772317,7.42,156
238,Sunita Bose,1,+917457944766,4.88,156
239,Sneha Bose,1,+916432411019,7.65,156
240,Ganesh Rathore,1,+916793663866,9.72,156
241,Mohan Pandey,1,+919306164050,8.29,156
242,Priya Kapoor,1,+916810741110,8.41,156
243,Ankita Bhat,1,+917874364348,6.5,80
244,Tarun Ghosh,1,+918907873857,8.1,80
245,Abhinav Mishra,1,+918828326405,9.0,80
246,Tanmay Kapoor,1,+919274008639,9.6,80
247,Om Mahajan,1,+918695433590,8.9,80
248,Vanshika Kapoor,1,+917992329618,7.9,80
249,Jyoti Patel,1,+919157184151,7.56,72
250,Pooja Patel,1,+918206389694,9.0,72
251,Fatima Joshi,1,+919581682167,9.6,80
252,Yash Malhotra,1,+919219385981,8.8,80
253,Naina Ghosh,1,+919167438668,5.7,80
254,Prasad Sethi,1,+917871531100,5.4,80
255,Jatin Bhat,1,+916662087258,8.0,80
256,Mukesh Patil,1,+918372354893,9.5,80
257,Sunita Menon,1,+916928393291,8.7,80
258,Girish Rajan,1,+917991617660,7.2,80
259,Tanvi Reddy,1,+919139711044,8.1,80
260,Tara Kapoor,1,+919975535611,5.8,80
261,Manan Kumar,1,+918393364102,4.0,80
262,Urvi Pandey,1,+917632794158,6.6,80
263,Nikhil Thakur,1,+919184747224,8.11,72
264,Rahul Gupta,1,+918809656613,5.8,80
265,Tarun Desai,1,+919145478504,7.2,80
266,Naina Kumar,1,+916820678212,6.3,80
267,Deepika Verma,1,+919137365109,5.3,80
268,Niranjan Singh,1,+917829137330,7.22,72
269,Uday Chopra,1,+918527385805,8.0,80
270,Keerthi Das,1,+918932111777,8.5,80
271,Vanshika Bhat,1,+919194264587,7.78,72
272,Madhavi Mukherjee,1,+917864299201,8.9,80
273,Pooja Das,1,+917950474042,8.78,72
274,Preeti Sinha,1,+917757074545,7.5,80
275,Govind Sethi,1,+916234568604,7.6,80
276,Aman Malhotra,1,+917924399252,7.6,80
277,Ila Rao,1,+918657162259,9.25,64
278,Hemant Agarwal,1,+917771112648,6.56,72
279,Sourav Verma,1,+917807309035,8.11,72
280,Esha Patel,1,+916148814238,6.0,80
281,Deepika Khanna,1,+918789242701,9.0,72
282,Kavya Iyer,1,+919546270451,6.78,72
283,Kabir Shah,1,+918528118701,0.0,0
284,Devi Das,1,+918582750043,0.0,0
285,Geeta Tiwari,1,+917271476207,0.0,0
286,Aditya Khanna,1,+919635539154,0.0,0
287,Bhavana Pillai,1,+917726360971,0.0,0
288,Seema Hegde,1,+919406819991,0.0,0
289,Nitin Kulkarni,1,+919492922240,0.0,0
290,Vanshika Malhotra,1,+918986171278,0.0,0
291,Girish Malhotra,1,+918910637681,0.0,0
292,Divya Joshi,1,+918963251765,0.0,0
293,Bindu Ghosh,1,+918274485243,0.0,0
294,Mayank Kapoor,1,+919861003571,0.0,0
295,Rohit Tiwari,1,+918955508961,0.0,0
296,Amrita Rajan,1,+917874597473,0.0,0
297,Zubin Patil,1,+917982252092,0.0,0
298,Hritik Kapoor,1,+919890099255,0.0,0
299,Trilok Mahajan,1,+919436889280,0.0,0
300,Bala Rajan,1,+918755064741,0.0,0
301,Pankaj Banerjee,1,+917841139461,0.0,0
302,Laxman Agarwal,1,+918230861323,0.0,0
303,Vidya Banerjee,1,+916408840720,0.0,0
304,Brijesh Agarwal,1,+918247395716,0.0,0
305,Vinay Rao,1,+917156361897,0.0,0
306,Uday Sharma,1,+917536913550,0.0,0
307,Ujjwal Banerjee,1,+918406462391,0.0,0
308,Aakash Rathore,1,+916287974375,0.0,0
309,Farhan Rathore,1,+918140229006,0.0,0
310,Juhi Sinha,1,+919244096091,0.0,0
311,Ankita Thakur,1,+919796091085,0.0,0
312,Niranjan Hegde,1,+917288436227,0.0,0
313,Bindu Gupta,1,+919818608005,0.0,0
314,Aditi Mehta,1,+919352889019,0.0,0
315,Padma Sharma,1,+918801887172,0.0,0
316,Aditya Saxena,1,+918841193655,0.0,0
317,Parth Joshi,1,+919264481748,0.0,0
318,Abhinav Bhatt,1,+917918040539,0.0,0
319,Meera Sethi,1,+916166312199,0.0,0
320,Arnav Shah,1,+919224811770,0.0,0
321,Utkarsh Kumar,1,+919241674152,0.0,0
322,Samar Thakur,1,+916525146690,0.0,0
323,Chandni Kumar,2,+916606882594,2.82,148
324,Nitin Rajan,2,+919502074351,8.99,156
325,Trilok Bhatt,2,+917801726890,4.63,156
326,Yogesh Thakur,2,+919671159367,7.34,148
327,Gauri Thakur,2,+916134593072,7.51,156
328,Arjun Pillai,2,+917172253060,9.58,156
329,Darshan Chauhan,2,+917679562681,8.8,150
330,Madhavi Rao,2,+918720058859,8.13,156
331,Varun Dutta,2,+917544056890,6.96,148
332,Ishan Rajan,2,+919943751263,7.64,156
333,Farhan Bhatt,2,+919358737619,7.77,124
334,Jayesh Malhotra,2,+919547221915,8.53,148
335,Payal Gupta,2,+919498441427,7.43,136
336,Yogesh Bose,2,+916178151583,5.26,156
337,Aryan Chatterjee,2,+918425545658,9.9,156
338,Aryan Pillai,2,+917525880424,8.04,156
339,Abhishek Kulkarni,2,+919600368062,5.93,150
340,Kartik Kulkarni,2,+918544454140,4.32,150
341,Laxman Tiwari,2,+918263650505,6.5,156
342,Falguni Rajan,2,+918376302498,7.22,156
343,Bhavana Iyer,2,+918281747678,7.61,150
344,Om Kumar,2,+916179811669,8.2,148
345,Hari Menon,2,+919807901168,7.31,156
346,Vinay Thakur,2,+918675244407,7.24,156
347,Riya Nair,2,+917358738317,7.01,156
348,Ela Sinha,2,+917848651792,5.19,156
349,Pallavi Saxena,2,+919504982743,7.59,142
350,Chirag Sethi,2,+916667106600,8.56,156
351,Meera Hegde,2,+918683074772,6.4,156
352,Aparna Reddy,2,+918274429624,5.95,156
353,Chandni Pandey,2,+919911329267,7.09,156
354,Raghu Desai,2,+916204889313,7.91,156
355,Alok Saxena,2,+918131810311,8.27,156
356,Hemant Patil,2,+919299434489,9.29,156
357,Uma Chowdhury,2,+916188087644,7.2,148
358,Pallavi Sharma,2,+918577531502,8.85,148
359,Utkarsh Malhotra,2,+919210909937,6.86,156
360,Bindu Patil,2,+916413368711,6.19,156
361,Tushar Sethi,2,+917835852444,8.06,140
362,Kiran Iyer,2,+919396311802,9.45,150
363,Uma Thakur,2,+919737594763,8.42,148
364,Tanmay Pandey,2,+919459420281,6.43,126
365,Pankaj Shah,2,+917614332794,5.67,156
366,Rekha Pillai,2,+918503786306,7.49,148
367,Jaya Dhawan,2,+917831983367,8.77,150
368,Eklavya Reddy,2,+919822604249,8.4,156
369,Kabir Dubey,2,+919179419456,6.77,156
370,Eklavya Tiwari,2,+916949030118,9.1,156
371,Arnav Rajan,2,+916704753177,7.47,156
372,Sourav Swamy,2,+917578651079,6.41,148
373,Yash Desai,2,+916618371508,6.47,156
374,Kartik Chopra,2,+919473984594,6.53,156
375,Pankaj Singh,2,+916124250578,8.14,156
376,Qasim Pillai,2,+917692609167,6.65,156
377,Naina Dutta,2,+919524753348,6.48,150
378,Vaishnavi Sharma,2,+917320959407,5.35,136
379,Brijesh Bhat,2,+918450023635,6.03,156
380,Naina Shah,2,+919756387421,7.59,140
381,Chetan Hegde,2,+918759797724,8.34,148
382,Sakshi Bhat,2,+918844571822,5.84,148
383,Devansh Menon,2,+917695832844,7.49,156
384,Hari Kumar,2,+918110290140,7.62,156
385,Seema Khanna,2,+919835187452,7.73,140
386,Megha Patel,2,+917413629152,5.76,148
387,Megha Rathore,2,+919690263993,8.38,148
388,Ojas Bhatt,2,+916916048218,6.65,156
389,Vanshika Mehta,2,+918976955647,7.86,156
390,Lavanya Rathore,2,+918863166250,7.47,128
391,Kartik Kumar,2,+918671532152,7.47,156
392,Madhavi Sethi,2,+918652348887,4.34,148
393,Garima Rajan,2,+917853150998,7.45,148
394,Geetika Verma,2,+918774108885,6.79,156
395,Prasad Rathore,2,+918845932321,0.7,148
396,Bhavana Menon,2,+918168000803,8.14,148
397,Juhi Pandey,2,+917707890457,6.27,156
398,Gaurav Nair,2,+919117481970,5.14,148
399,Ravi Mukherjee,2,+917394226159,7.91,156
400,Ravi Iyer,2,+916525568516,6.42,142
401,Pallavi Chowdhury,2,+916101166414,5.88,144
402,Tarun Sharma,2,+916846891707,5.46,156
403,Aryan Reddy,2,+917511318205,7.96,142
404,Pankaj Joshi,2,+919930496866,7.53,156
405,Lakshmi Chopra,2,+916755325292,7.24,150
406,Yash Tiwari,2,+919333264702,4.17,156
407,Urvi Desai,2,+919437695739,8.14,148
408,Archana Bose,2,+918936412291,9.19,148
409,Gauri Rathore,2,+919417335858,6.27,140
410,Urvi Das,2,+917636422667,8.19,148
411,Vaishnavi Sethi,2,+919492358645,7.73,156
412,Manav Patel,2,+916114810579,8.96,148
413,Mayank Banerjee,2,+919554810443,8.05,156
414,Harshit Gupta,2,+918184848753,5.97,148
415,Akshay Dhawan,2,+916433041955,9.12,156
416,Arun Ghosh,2,+916432097676,7.39,150
417,Rashmi Thakur,2,+918279275105,4.62,156
418,Sanjay Patel,2,+918966625455,8.43,148
419,Kamal Reddy,2,+919588764892,8.82,148
420,Padma Hegde,2,+916345247378,2.12,156
421,Seema Tiwari,2,+917445532283,7.11,140
422,Padma Kulkarni,2,+916639062353,9.0,142
423,Gaurav Saxena,2,+916599391065,8.88,156
424,Arun Sharma,2,+918315469014,5.92,150
425,Preeti Dhawan,2,+919929587172,8.07,148
426,Yash Sharma,2,+919125673445,4.27,156
427,Damini Sharma,2,+919892510222,7.83,156
428,Geetika Kumar,2,+917864131026,7.97,156
429,Hritik Swamy,2,+918592265554,5.36,156
430,Sneha Pillai,2,+918380236885,8.63,156
431,Bindu Shah,2,+919392010397,8.22,156
432,Riya Verma,2,+916276496293,8.59,156
433,Yamuna Chatterjee,2,+919431042889,9.26,148
434,Radhika Chowdhury,2,+916330876810,9.69,156
435,Manan Saxena,2,+916827120114,8.34,148
436,Shalini Malhotra,2,+917201710492,5.54,156
437,Sneha Mishra,2,+919499689381,9.4,156
438,Meera Patel,2,+916312332805,4.12,156
439,Esha Sinha,2,+916280377032,8.48,150
440,Kriti Chatterjee,2,+917395259429,9.53,156
441,Tushar Rajan,2,+918635680789,9.26,156
442,Uday Tiwari,2,+917790042893,8.26,136
443,Arjun Patil,2,+918615057244,7.55,148
444,Anjali Bose,2,+917131464348,9.76,148
445,Vinay Desai,2,+917271395839,6.78,148
446,Prem Kumar,2,+917718144695,8.95,156
447,Chetan Bhat,2,+917736212983,7.2,150
448,Haripriya Swamy,2,+918709511014,9.27,156
449,Harini Bhatt,2,+918288502642,8.59,156
450,Trisha Mahajan,2,+916456196659,2.96,156
451,Ashwin Kumar,2,+916258604568,6.44,156
452,Ojas Reddy,2,+918856491925,7.69,156
453,Rohan Menon,2,+919797052007,6.63,156
454,Geeta Desai,2,+917814609188,8.16,148
455,Siddharth Bhat,2,+916853775825,0.96,150
456,Parth Menon,2,+916632774653,7.41,142
457,Arnav Menon,2,+916982252644,8.92,148
458,Lakshmi Desai,2,+918945056299,7.18,156
459,Daksh Patil,2,+916989924715,6.51,156
460,Ankita Chauhan,2,+916958128631,9.17,140
461,Manav Pandey,2,+917503144836,2.27,150
462,Girish Bose,2,+919856456108,6.69,140
463,Aditya Kumar,2,+916455510103,5.77,140
464,Nitin Bhatt,2,+918809311588,8.9,156
465,Isha Kulkarni,2,+916559138405,4.96,156
466,Pranav Patel,2,+917283429671,7.58,142
467,Aparna Mahajan,2,+919809786356,7.2,148
468,Tanmay Kulkarni,2,+917578647558,6.33,156
469,Megha Kumar,2,+917907706333,7.22,156
470,Hritik Dhawan,2,+917694425527,5.42,142
471,Charu Mahajan,2,+917611382735,6.51,150
472,Hari Verma,2,+916913025234,8.69,156
473,Himanshu Joshi,2,+916554595339,6.89,150
474,Vidya Bose,2,+918443328397,9.62,142
475,Aparna Malhotra,2,+918396568375,9.72,142
476,Vijay Chopra,2,+919220816186,6.46,148
477,Priya Nair,2,+916943687944,7.28,148
478,Urvi Rajan,2,+919714205272,8.42,156
479,Chetna Hegde,2,+919141642429,7.36,156
480,Revathi Patel,2,+918977661452,6.59,150
481,Charu Nair,2,+917244295352,5.71,150
482,Nitin Tiwari,2,+916301794412,7.37,156
483,Rashmi Kulkarni,2,+916653266624,6.44,72
484,Niranjan Patel,2,+917306978174,6.3,80
485,Chaitanya Kapoor,2,+919782266083,9.1,80
486,Utkarsh Bhat,2,+919730157871,5.8,80
487,Mohan Rao,2,+917827669728,6.22,72
488,Xerxes Hegde,2,+916609057994,9.33,72
489,Samar Chowdhury,2,+918555059083,8.4,80
490,Suresh Ghosh,2,+919727588309,5.1,80
491,Revathi Malhotra,2,+918420486085,8.44,72
492,Bindu Agarwal,2,+918804503060,8.3,80
493,Waris Pillai,2,+916964823687,8.5,80
494,Uday Thakur,2,+916803731001,6.7,80
495,Padma Mishra,2,+918880126986,7.4,80
496,Veena Desai,2,+918282521788,9.3,80
497,Siddharth Rathore,2,+918878663220,9.4,80
498,Damini Rajan,2,+916338642889,7.4,80
499,Chirag Kulkarni,2,+918728751749,6.9,80
500,Tejas Dhawan,2,+916607042021,8.9,80
501,Yash Joshi,2,+917467938988,8.2,80
502,Aman Gupta,2,+919457158145,8.1,80
503,Bharat Sethi,2,+917625679392,9.5,80
504,Naman Saxena,2,+919612604642,8.9,80
505,Ananya Shah,2,+917119237294,8.5,80
506,Ishan Mukherjee,2,+917210282113,8.4,80
507,Arun Thakur,2,+918565644493,9.2,80
508,Manan Mishra,2,+917971887294,6.0,80
509,Oviya Patel,2,+917232244172,9.1,80
510,Yamini Bhatt,2,+916737721108,8.4,80
511,Anusha Swamy,2,+917320648482,8.6,80
512,Trilok Chopra,2,+918768724016,7.6,80
513,Sakshi Nair,2,+919313295228,6.2,80
514,Manan Chowdhury,2,+919417130941,5.6,80
515,Ananya Dutta,2,+916218574293,9.0,80
516,Nikita Reddy,2,+916374762050,9.7,80
517,Esha Banerjee,2,+918960707259,8.8,80
518,Gaurav Sharma,2,+917812272035,5.6,80
519,Ayush Thakur,2,+916500099988,7.67,72
520,Aryan Tiwari,2,+917221393557,7.7,80
521,Chaitra Sethi,2,+919294627041,7.4,80
522,Nitin Joshi,2,+919624117847,8.9,80
523,Vivek Sharma,2,+917819239897,0.0,0
524,Pawan Dutta,2,+917617468048,0.0,0
525,Indra Ghosh,2,+916112503578,0.0,0
526,Arnav Reddy,2,+919444277942,0.0,0
527,Om Patil,2,+919977357994,0.0,0
528,Kishore Chauhan,2,+918227460504,0.0,0
529,Pallavi Bose,2,+918645823493,0.0,0
530,Isha Rao,2,+919456452891,0.0,0
531,Kabir Chauhan,2,+916204622201,0.0,0
532,Madhavi Malhotra,2,+918853869899,0.0,0
533,Raghu Thakur,2,+919214849044,0.0,0
534,Neha Sinha,2,+917869645166,0.0,0
535,Yogesh Dhawan,2,+916929084565,0.0,0
536,Pawan Dhawan,2,+919645818292,0.0,0
537,Siddharth Nair,2,+919806008664,0.0,0
538,Chetna Swamy,2,+917393771337,0.0,0
539,Basant Swamy,2,+918853223780,0.0,0
540,Neha Mishra,2,+917770194841,0.0,0
541,Devika Kapoor,2,+918862735437,0.0,0
542,Umesh Chowdhury,2,+919823963430,0.0,0
543,Ananya Chopra,2,+916127135757,0.0,0
544,Ankita Banerjee,2,+918257226287,0.0,0
545,Dhruv Desai,2,+919210037068,0.0,0
546,Payal Malhotra,2,+919355116198,0.0,0
547,Harsh Patil,2,+919547284589,0.0,0
548,Ananya Rathore,2,+918318063243,0.0,0
549,Mukesh Chowdhury,2,+918910790724,0.0,0
550,Bala Reddy,2,+917286611097,0.0,0
551,Amrita Joshi,2,+917727050254,0.0,0
552,Alok Kumar,2,+918626725060,0.0,0
553,Trisha Rao,2,+917658996745,0.0,0
554,Pallavi Desai,2,+917329086910,0.0,0
555,Hari Chopra,2,+919702728525,0.0,0
556,Utkarsh Pillai,2,+917142817871,0.0,0
557,Urvi Mehta,2,+918126527569,0.0,0
558,Utkarsh Khanna,2,+916418293546,0.0,0
559,Brijesh Bhatt,2,+916773164268,0.0,0
560,Mihir Nair,2,+917677409188,0.0,0
561,Manav Rathore,2,+917125504528,0.0,0
562,Vikram Malhotra,2,+916717361056,0.0,0
563,Ela Dubey,3,+918118136542,9.81,156
564,Kiran Rathore,3,+916852566344,8.67,156
565,Charu Mukherjee,3,+916402277050,8.72,148
566,Anusha Iyer,3,+917246438473,7.59,156
567,Revathi Sharma,3,+917232322744,4.94,156
568,Nikhil Mukherjee,3,+917903477338,9.05,156
569,Prasad Verma,3,+917297560682,7.99,156
570,Niranjan Kumar,3,+919792213989,9.05,156
571,Malini Dhawan,3,+919455248480,7.72,156
572,Lakshmi Mishra,3,+918621689527,7.82,156
573,Megha Sethi,3,+918967261018,7.99,156
574,Rohan Agarwal,3,+918244209787,7.69,156
575,Zubin Mukherjee,3,+919692353117,7.99,134
576,Uday Bhatt,3,+917382646055,7.13,156
577,Mayank Menon,3,+916972568129,7.17,156
578,Hemant Mehta,3,+919802128517,8.77,156
579,Oviya Banerjee,3,+917598969054,7.69,150
580,Simran Ghosh,3,+917913043828,8.64,148
581,Sunita Verma,3,+919485253781,6.37,156
582,Ritika Singh,3,+917656075031,8.87,156
583,Ashwin Nair,3,+918996437267,7.59,140
584,Shubham Kulkarni,3,+916654762561,7.25,134
585,Ishan Khanna,3,+919748766605,2.99,156
586,Prasad Rajan,3,+918327114760,5.5,148
587,Trilok Rao,3,+919970989978,6.12,156
588,Yashika Iyer,3,+919124101254,6.32,142
589,Prasad Singh,3,+917160035062,6.09,156
590,Megha Menon,3,+916872608028,7.46,142
591,Chaitra Iyer,3,+917991596102,6.91,148
592,Jagdish Dutta,3,+918280089806,8.03,148
593,Rajat Patil,3,+919241962842,2.64,148
594,Kritika Verma,3,+916290505619,9.41,156
595,Lata Das,3,+916617802256,7.73,156
596,Gaurav Swamy,3,+919346408985,6.68,156
597,Fatima Sethi,3,+916556865760,7.18,142
598,Juhi Bose,3,+919376815988,4.91,150
599,Sanjay Chopra,3,+916502685267,8.03,156
600,Zara Dubey,3,+918380571840,8.5,156
601,Bala Saxena,3,+917543700355,8.12,156
602,Chaitra Mehta,3,+918720248205,5.66,136
603,Sunita Das,3,+917579527597,9.29,140
604,Geeta Swamy,3,+916272591127,5.58,156
605,Abhinav Bose,3,+919194640346,5.92,142
606,Geeta Rajan,3,+918864080940,8.28,156
607,Kunal Mishra,3,+916941770040,8.58,148
608,Divya Kulkarni,3,+917803321425,6.33,140
609,Prem Chowdhury,3,+916196814848,7.42,156
610,Ishan Agarwal,3,+917751077748,8.28,156
611,Keerthi Reddy,3,+918465035599,7.83,156
612,Eklavya Chauhan,3,+919704697685,7.66,148
613,Bala Sinha,3,+916617511527,5.13,156
614,Aadhira Swamy,3,+917959166755,6.49,148
615,Amrita Pillai,3,+918199868119,7.81,118
616,Devika Mahajan,3,+918479608458,7.54,148
617,Gauri Khanna,3,+917352180476,8.71,156
618,Uma Ghosh,3,+918267498965,5.05,156
619,Chandni Singh,3,+919498569245,5.44,132
620,Waris Kapoor,3,+918527219856,8.38,156
621,Aryan Bhatt,3,+916639528648,5.77,156
622,Sanjay Swamy,3,+919438927967,6.6,156
623,Abhishek Bhat,3,+918354626229,7.26,156
624,Mihir Chatterjee,3,+919852384450,8.53,156
625,Padma Joshi,3,+917974230575,6.69,156
626,Tanmay Mishra,3,+917959033676,8.19,156
627,Leela Chopra,3,+918943244821,8.63,140
628,Neha Mehta,3,+919776309403,6.74,148
629,Indra Mehta,3,+918121298026,6.58,156
630,Rekha Sethi,3,+917937850514,6.47,156
631,Utkarsh Gupta,3,+919758916457,8.49,148
632,Girish Tiwari,3,+919176605123,6.24,148
633,Ila Agarwal,3,+919391250425,8.44,150
634,Arnav Bhat,3,+916234260583,9.32,148
635,Rahul Nair,3,+916608079376,7.53,156
636,Nikhil Nair,3,+918763682156,6.83,156
637,Kamal Joshi,3,+917665585273,8.13,156
638,Chandni Agarwal,3,+919245078524,5.71,156
639,Megha Dubey,3,+918472769123,9.38,156
640,Hritik Mehta,3,+917425958941,4.56,140
641,Dhanush Khanna,3,+919421704344,4.46,156
642,Aditi Malhotra,3,+918302476546,7.64,156
643,Prem Rajan,3,+919989516564,7.09,132
644,Waris Ghosh,3,+918405669440,8.59,142
645,Lakshmi Bhat,3,+917410950586,6.03,142
646,Geetika Mishra,3,+918120825650,8.96,150
647,Juhi Agarwal,3,+917867935795,7.82,156
648,Kishore Kulkarni,3,+919848328041,6.51,156
649,Jayesh Agarwal,3,+919176648733,7.91,148
650,Xerxes Chowdhury,3,+917513173592,8.01,156
651,Suresh Dutta,3,+917607692567,5.99,156
652,Falguni Chopra,3,+916371992483,7.49,156
653,Umesh Chatterjee,3,+916353366389,8.72,148
654,Sanjay Saxena,3,+917109588354,9.21,156
655,Uma Iyer,3,+919198141669,9.15,156
656,Zara Swamy,3,+916235106204,7.26,140
657,Ishan Chauhan,3,+917122927426,8.73,140
658,Devansh Chowdhury,3,+919700248296,7.86,156
659,Jyoti Shah,3,+919395627385,8.32,156
660,Amrita Bhatt,3,+918587563596,9.72,156
661,Zubin Ghosh,3,+917444342661,7.68,156
662,Trisha Hegde,3,+919922200725,8.32,148
663,Rohit Nair,3,+916147005473,7.16,140
664,Sunita Khanna,3,+918152705290,8.99,156
665,Lavanya Rajan,3,+919993436624,8.13,156
666,Jatin Kulkarni,3,+916984379899,6.56,156
667,Meera Chatterjee,3,+916208689641,9.13,156
668,Uma Sethi,3,+917699602642,9.01,148
669,Manan Hegde,3,+919854357762,9.03,156
670,Darshan Kapoor,3,+918806019487,6.42,156
671,Vivek Malhotra,3,+918499130788,5.68,148
672,Simran Sethi,3,+917502720908,9.04,156
673,Utkarsh Saxena,3,+916879872949,5.44,156
674,Dhanush Agarwal,3,+917201240032,6.6,156
675,Tejas Pillai,3,+917375139723,6.05,148
676,Chaitra Bhat,3,+919986594254,7.96,148
677,Rekha Patil,3,+916937649523,5.62,148
678,Jatin Das,3,+917902813840,9.68,156
679,Tanmay Kumar,3,+918663052341,6.65,156
680,Parth Verma,3,+916823310328,8.24,156
681,Mayank Gupta,3,+917563787397,8.57,148
682,Padma Rathore,3,+916688574163,7.17,156
683,Sneha Joshi,3,+919700539700,5.83,142
684,Prem Chopra,3,+917360183853,6.17,142
685,Omkar Das,3,+919554773258,7.8,148
686,Yamuna Mukherjee,3,+917475505122,8.03,156
687,Gaurav Rao,3,+917835898867,9.03,156
688,Ananya Pandey,3,+916427618008,8.27,156
689,Kartik Bhatt,3,+918689269569,8.93,148
690,Tejas Dutta,3,+916374294163,3.47,140
691,Isha Sinha,3,+916171508836,5.45,148
692,Riya Patel,3,+918797299908,6.82,156
693,Vivek Khanna,3,+916300164147,5.95,156
694,Esha Pillai,3,+918458167668,9.74,148
695,Kriti Menon,3,+918353622930,7.69,156
696,Deepika Malhotra,3,+918342217581,5.61,148
697,Tanmay Chopra,3,+917548108259,6.65,156
698,Kartik Rajan,3,+917723876967,6.55,150
699,Tanvi Dubey,3,+917804623475,8.91,156
700,Laxman Das,3,+917441017812,5.55,150
701,Naina Rathore,3,+918263162642,5.73,156
702,Niranjan Ghosh,3,+917740337419,7.08,156
703,Aryan Joshi,3,+919864524716,8.22,148
704,Ankita Mishra,3,+917134606221,3.53,148
705,Parth Rathore,3,+917913656416,5.86,156
706,Zubin Singh,3,+919873309842,5.62,156
707,Trisha Rajan,3,+916659042709,1.92,148
708,Tushar Chopra,3,+919889382867,3.55,156
709,Gauri Banerjee,3,+919527392079,8.61,148
710,Naveen Ghosh,3,+916840831347,5.76,156
711,Laxman Kapoor,3,+916293028062,7.38,148
712,Hritik Shah,3,+919126749178,5.23,156
713,Arun Gupta,3,+918447972640,6.54,156
714,Shreya Gupta,3,+916858305156,7.09,156
715,Nikita Ghosh,3,+917506603082,8.64,140
716,Ankita Verma,3,+917925875822,8.55,156
717,Utkarsh Banerjee,3,+917226222619,9.85,156
718,Ananya Sinha,3,+919635413025,6.73,156
719,Govind Chauhan,3,+916745551372,7.65,156
720,Indra Chatterjee,3,+916298470427,8.79,140
721,Umesh Sethi,3,+918455527819,6.46,156
722,Eklavya Swamy,3,+917588915267,9.64,150
723,Ashwin Kulkarni,3,+919980752567,5.1,80
724,Tanvi Das,3,+918453484964,6.3,80
725,Riya Sethi,3,+916619329173,7.0,80
726,Naman Bose,3,+918378807844,7.3,80
727,Megha Khanna,3,+919628822629,8.67,72
728,Himanshu Sharma,3,+916125755631,6.2,80
729,Hritik Singh,3,+918475433873,8.8,80
730,Samar Mukherjee,3,+918923594990,2.5,80
731,Geeta Patel,3,+917308322646,5.4,80
732,Divya Rajan,3,+917617001884,3.4,80
733,Chaitanya Tiwari,3,+916996687959,6.4,80
734,Arjun Chatterjee,3,+918958494527,9.4,80
735,Deepika Pandey,3,+919772710898,6.1,80
736,Sakshi Mukherjee,3,+918862184916,4.22,72
737,Vanshika Mukherjee,3,+917663822282,5.3,80
738,Pallavi Chauhan,3,+916957946858,7.78,72
739,Oviya Chopra,3,+918932722445,8.7,80
740,Rashmi Hegde,3,+917320317979,7.3,80
741,Aditi Mukherjee,3,+916837716816,8.9,80
742,Rahul Chopra,3,+918124137992,9.14,56
743,Anjali Chauhan,3,+916392760228,8.7,80
744,Prasad Nair,3,+917682535775,8.3,80
745,Juhi Sethi,3,+917283905107,6.0,72
746,Sneha Patel,3,+919825308245,7.2,80
747,Haripriya Bose,3,+919761763552,7.8,80
748,Aakash Gupta,3,+919709659120,6.0,80
749,Ila Sinha,3,+919348779766,6.8,80
750,Rohit Desai,3,+919595254481,8.89,72
751,Nikita Nair,3,+919977840731,7.5,80
752,Radhika Bhatt,3,+919530373413,8.2,80
753,Chaitra Patil,3,+916465839040,7.12,64
754,Niranjan Pandey,3,+917285849093,7.4,80
755,Chaitanya Shah,3,+916982640532,7.56,72
756,Charu Bose,3,+919451551922,8.5,80
757,Sourav Menon,3,+916912906014,5.78,72
758,Rekha Chauhan,3,+917320827549,6.89,72
759,Radhika Dubey,3,+918195871622,7.2,80
760,Naveen Kumar,3,+918689360922,8.6,80
761,Deepika Pillai,3,+919854005004,7.0,80
762,Rohan Bhatt,3,+917811340600,5.8,80
763,Namita Tiwari,3,+917409743234,0.0,0
764,Devansh Dutta,3,+919245788098,0.0,0
765,Fatima Bose,3,+919769207967,0.0,0
766,Kriti Rao,3,+917556095308,0.0,0
767,Daksh Sethi,3,+918135929409,0.0,0
768,Varun Thakur,3,+918599221581,0.0,0
769,Leela Rathore,3,+916834518883,0.0,0
770,Hema Bhatt,3,+916603444049,0.0,0
771,Kriti Banerjee,3,+918279860527,0.0,0
772,Megha Mehta,3,+916775705787,0.0,0
773,Prem Ghosh,3,+916407965966,0.0,0
774,Vikram Joshi,3,+918395512122,0.0,0
775,Utkarsh Kulkarni,3,+917380517824,0.0,0
776,Dhruv Pandey,3,+916255767997,0.0,0
777,Hritik Patil,3,+917809386103,0.0,0
778,Ishan Kumar,3,+918911194689,0.0,0
779,Aakash Rao,3,+919833913230,0.0,0
780,Ananya Banerjee,3,+919510173769,0.0,0
781,Damini Agarwal,3,+918961480639,0.0,0
782,Shalini Pillai,3,+917658294552,0.0,0
783,Yogesh Sharma,3,+916112843471,0.0,0
784,Malini Banerjee,3,+918307317573,0.0,0
785,Neha Bose,3,+916860289849,0.0,0
786,Farhan Das,3,+917372017183,0.0,0
787,Garima Dubey,3,+918376313067,0.0,0
788,Damini Kumar,3,+918972738280,0.0,0
789,Dipak Saxena,3,+917793082286,0.0,0
790,Om Nair,3,+919868155245,0.0,0
791,Zubin Chauhan,3,+916634402789,0.0,0
792,Akshay Sethi,3,+916653388287,0.0,0
793,Nitin Reddy,3,+917103551249,0.0,0
794,Damini Hegde,3,+918530156867,0.0,0
795,Hema Gupta,3,+919916530277,0.0,0
796,Urvi Dutta,3,+917420909585,0.0,0
797,Nikhil Menon,3,+919889548331,0.0,0
798,Simran Khanna,3,+919167637817,0.0,0
799,Vanshika Patel,3,+916464304610,0.0,0
800,Seema Dutta,3,+919828080516,0.0,0
801,Manav Singh,3,+917624946696,0.0,0
802,Chetan Menon,3,+916430000948,0.0,0
803,Sakshi Khanna,4,+917167763965,6.81,156
804,Bindu Das,4,+917445304509,7.26,156
805,Damini Reddy,4,+916394090757,5.31,156
806,Swati Pillai,4,+916243205892,5.33,156
807,Arjun Khanna,4,+916106817809,2.14,156
808,Juhi Tiwari,4,+919843414103,6.76,156
809,Simran Bhat,4,+916740242156,5.05,156
810,Sahil Mishra,4,+916669296859,8.57,148
811,Kamal Dutta,4,+917396810789,7.09,156
812,Anusha Khanna,4,+917271540556,7.17,156
813,Rohan Mehta,4,+918762304734,9.51,148
814,Aditya Patel,4,+919652873657,5.27,134
815,Bindu Tiwari,4,+917902178290,6.99,156
816,Priya Pillai,4,+919314700940,7.34,148
817,Rohan Verma,4,+917754374295,8.56,142
818,Leela Desai,4,+918317122293,6.47,148
819,Rohit Sinha,4,+919549064417,3.87,156
820,Hemant Rao,4,+916542055365,8.24,148
821,Uma Pillai,4,+918566271010,7.43,150
822,Jatin Singh,4,+916605359412,7.91,150
823,Fatima Nair,4,+919631808267,9.26,156
824,Neha Joshi,4,+918417602552,9.47,150
825,Ankita Chowdhury,4,+919712441715,6.12,148
826,Chaitanya Chowdhury,4,+916773563645,6.29,150
827,Naman Agarwal,4,+917945777677,8.44,142
828,Prasad Hegde,4,+918155364901,5.36,156
829,Chetan Rajan,4,+916702109541,9.29,156
830,Tanuja Dhawan,4,+917908713884,8.57,148
831,Bala Dubey,4,+918158475978,5.73,156
832,Shreya Mahajan,4,+918585308092,9.5,148
833,Riya Iyer,4,+918220285474,5.59,156
834,Kamal Patel,4,+918547252828,6.54,156
835,Madhavi Mishra,4,+916123661636,6.64,156
836,Yashika Dutta,4,+919591781368,7.63,156
837,Kunal Kumar,4,+917479160679,6.18,148
838,Brijesh Banerjee,4,+917288290663,7.42,156
839,Sahil Das,4,+916439974407,8.14,156
840,Ila Singh,4,+918469202923,2.0,156
841,Zara Sharma,4,+918794972902,8.64,156
842,Padma Dutta,4,+917958538383,7.82,156
843,Oviya Mahajan,4,+916249704623,9.72,142
844,Parth Chauhan,4,+918199300858,7.96,156
845,Xerxes Agarwal,4,+917124211427,4.64,148
846,Prasad Saxena,4,+917626633172,3.85,156
847,Namita Saxena,4,+917868760242,8.35,156
848,Jyoti Mukherjee,4,+919702404613,5.87,156
849,Tarun Banerjee,4,+917965084562,7.38,148
850,Vijay Bose,4,+916254231505,3.77,148
851,Kiran Dhawan,4,+919194970622,4.65,156
852,Niranjan Joshi,4,+917299722870,8.78,156
853,Radhika Dhawan,4,+918630536354,8.06,156
854,Mukesh Mahajan,4,+916802026333,8.82,148
855,Payal Pillai,4,+916228156091,8.2,148
856,Kamal Hegde,4,+919845439994,9.04,142
857,Vidya Shah,4,+919844407003,6.99,156
858,Madhavi Banerjee,4,+916651759949,4.72,142
859,Arnav Bhatt,4,+918439528365,8.91,150
860,Dhanush Kulkarni,4,+916673829455,9.71,156
861,Revathi Khanna,4,+919465408396,4.38,156
862,Keerthi Ghosh,4,+916548122132,6.0,148
863,Aryan Desai,4,+918842010046,5.03,156
864,Waris Pandey,4,+917862243827,8.67,156
865,Eklavya Verma,4,+917430098648,8.09,148
866,Rohit Reddy,4,+916931819535,8.6,156
867,Sunita Kapoor,4,+916603673335,8.32,156
868,Ujjwal Nair,4,+916746169210,7.47,156
869,Pallavi Verma,4,+918722503273,7.05,156
870,Simran Kapoor,4,+916206413916,8.27,148
871,Juhi Iyer,4,+916878837937,5.65,156
872,Ojas Swamy,4,+917572087589,6.36,150
873,Prasad Rao,4,+919221166907,8.37,156
874,Harini Kulkarni,4,+918698216060,7.99,156
875,Arun Bose,4,+918837710623,9.03,142
876,Anusha Hegde,4,+918292518998,3.28,156
877,Aadhira Gupta,4,+916253939747,7.81,156
878,Jaya Bose,4,+919231814874,6.62,156
879,Xerxes Dhawan,4,+918912074097,8.95,156
880,Basant Saxena,4,+919649127152,8.52,142
881,Kishore Rao,4,+917131915385,7.81,156
882,Devika Patil,4,+918263999734,5.62,156
883,Suresh Khanna,4,+919316822569,6.74,156
884,Chandni Bhatt,4,+916920301073,5.61,142
885,Bhavana Singh,4,+916289911827,8.05,156
886,Geetika Dubey,4,+917435501022,9.16,148
887,Sunita Malhotra,4,+919611005607,9.55,156
888,Yashika Patil,4,+918922991714,9.23,150
889,Manan Tiwari,4,+918160611912,7.63,156
890,Dhanush Reddy,4,+918222912620,7.66,148
891,Mihir Sethi,4,+919386279849,8.13,156
892,Padma Patil,4,+918714758692,4.14,156
893,Kishore Kapoor,4,+918278914614,7.87,150
894,Meera Bhatt,4,+917408545686,6.3,140
895,Jagdish Rathore,4,+916870631850,5.13,134
896,Lavanya Desai,4,+916799582326,8.95,156
897,Vivek Mishra,4,+919531967365,6.04,156
898,Arjun Menon,4,+917719380774,5.46,148
899,Ayush Menon,4,+919707862900,7.63,156
900,Waris Mukherjee,4,+919540513606,9.19,148
901,Hritik Agarwal,4,+918793683022,6.99,150
902,Yash Mishra,4,+916363696611,8.55,156
903,Mihir Rajan,4,+916316885657,7.09,156
904,Devika Rajan,4,+916875750551,7.17,156
905,Govind Kulkarni,4,+916526162812,4.97,148
906,Sourav Chopra,4,+918633060309,6.8,148
907,Vaishnavi Rathore,4,+917554052132,7.65,156
908,Govind Mehta,4,+916626518516,9.14,156
909,Uma Agarwal,4,+917489766149,8.47,156
910,Chetna Singh,4,+916841614639,9.14,140
911,Naina Swamy,4,+918972147112,8.58,156
912,Akash Saxena,4,+918423076194,6.96,156
913,Leela Shah,4,+919947523110,2.8,142
914,Abhinav Rathore,4,+919457257753,7.23,150
915,Fatima Mehta,4,+916477802873,6.99,156
916,Eklavya Patel,4,+916788668793,8.28,156
917,Vivek Sethi,4,+916219000878,5.16,148
918,Charu Tiwari,4,+918584783589,8.36,156
919,Bindu Banerjee,4,+917190622682,4.65,150
920,Padma Rao,4,+916124663947,7.01,156
921,Darshan Ghosh,4,+919744666787,7.13,156
922,Sanjay Sharma,4,+919930388241,6.89,150
923,Ayush Banerjee,4,+919510248318,5.72,148
924,Juhi Thakur,4,+917549179485,9.51,156
925,Sahil Ghosh,4,+919366629382,7.49,150
926,Tanvi Shah,4,+919837502201,6.51,156
927,Manav Nair,4,+916155955489,5.0,156
928,Veena Bose,4,+916105756315,7.48,150
929,Preeti Joshi,4,+916723293073,6.19,148
930,Devi Joshi,4,+916440716951,8.7,148
931,Siddharth Khanna,4,+918902969226,4.78,156
932,Rashmi Shah,4,+919277150029,5.22,148
933,Swati Kumar,4,+917259580383,4.97,134
934,Devi Dubey,4,+916631406400,4.19,156
935,Harini Das,4,+917232772727,7.69,156
936,Shalini Kapoor,4,+918704782275,8.64,134
937,Trisha Sethi,4,+917547126482,7.82,148
938,Bala Das,4,+919501105178,9.32,156
939,Arun Menon,4,+918738021964,9.63,156
940,Vanshika Shah,4,+917326953436,9.35,156
941,Raghu Reddy,4,+919199375888,9.13,156
942,Ankita Patil,4,+919405947579,9.27,156
943,Pawan Rathore,4,+918835472281,9.13,150
944,Jaya Khanna,4,+919516707955,7.77,156
945,Preeti Ghosh,4,+917566117682,7.4,150
946,Aadhira Rao,4,+917631848216,9.14,142
947,Nandini Mahajan,4,+918259565048,6.85,150
948,Hemant Reddy,4,+916651274642,8.21,150
949,Niranjan Mehta,4,+918373654063,9.9,156
950,Chaitanya Bhat,4,+917521934734,4.35,148
951,Malini Sinha,4,+919769811308,5.88,148
952,Mohan Bhat,4,+916902116616,9.85,150
953,Ananya Iyer,4,+919594096279,7.83,142
954,Geeta Kulkarni,4,+919963976413,9.55,156
955,Chandra Chatterjee,4,+919796453883,4.31,148
956,Brijesh Mishra,4,+916423108101,8.67,156
957,Zara Rathore,4,+919620815076,7.11,142
958,Niranjan Saxena,4,+916458468773,0.82,156
959,Harini Rathore,4,+918139746932,6.74,148
960,Aadhira Khanna,4,+917866963403,8.4,156
961,Anusha Das,4,+919768615479,7.07,148
962,Parth Dhawan,4,+918746500088,8.19,148
963,Malini Chowdhury,4,+919547601168,7.67,72
964,Ankita Ghosh,4,+917403286126,8.2,80
965,Aditya Bose,4,+919208344550,8.8,80
966,Indra Kumar,4,+916485244337,7.9,80
967,Sanjay Malhotra,4,+917622230767,6.9,80
968,Indra Agarwal,4,+917841027438,9.6,80
969,Swati Sinha,4,+916213700517,7.3,80
970,Sanjay Chatterjee,4,+918268612410,6.6,80
971,Priya Verma,4,+918459282088,3.33,72
972,Kunal Kapoor,4,+917191519166,6.7,80
973,Tushar Verma,4,+919945266468,7.0,80
974,Bhavana Chopra,4,+918131957698,6.25,64
975,Lakshmi Gupta,4,+918438018832,7.0,80
976,Divya Dutta,4,+917716926164,3.56,72
977,Suresh Banerjee,4,+919531647235,6.5,80
978,Vivek Desai,4,+916987988308,6.2,80
979,Daksh Ghosh,4,+919848903745,5.89,72
980,Radhika Gupta,4,+916677064820,5.3,80
981,Chandni Banerjee,4,+917199664255,8.5,80
982,Bhavya Patel,4,+918359136615,8.7,80
983,Oviya Kumar,4,+918378911373,9.5,80
984,Shreya Chauhan,4,+918714647698,6.2,80
985,Aakash Bose,4,+917476171636,5.1,80
986,Uday Chowdhury,4,+919657987812,8.2,80
987,Aman Kulkarni,4,+919205213639,6.2,80
988,Mihir Joshi,4,+919330622993,7.1,80
989,Rashmi Saxena,4,+918727391402,7.5,80
990,Geetika Thakur,4,+919984561220,6.25,64
991,Haripriya Kapoor,4,+916845682242,5.2,80
992,Preeti Das,4,+919218472553,8.78,72
993,Revathi Mukherjee,4,+918425623035,8.3,80
994,Kritika Kumar,4,+918404386805,6.6,80
995,Jyoti Reddy,4,+916548367904,7.44,72
996,Shubham Mahajan,4,+917918138906,4.22,72
997,Yash Thakur,4,+918195901227,8.4,80
998,Aparna Pandey,4,+916819883588,8.4,80
999,Ila Patel,4,+918702416787,8.9,80
1000,Chandni Sethi,4,+916712295241,7.22,72
1001,Sunita Bhatt,4,+917120372732,5.33,72
1002,Sourav Chauhan,4,+916966424854,7.3,80
1003,Bhavya Pandey,4,+919293818994,0.0,0
1004,Chandni Iyer,4,+918254655603,0.0,0
1005,Aadhira Iyer,4,+916759787964,0.0,0
1006,Ashwin Mehta,4,+919988780552,0.0,0
1007,Mayank Patil,4,+916389145285,0.0,0
1008,Govind Menon,4,+917119996117,0.0,0
1009,Indra Rajan,4,+917427075547,0.0,0
1010,Varun Kulkarni,4,+917939691516,0.0,0
1011,Hari Banerjee,4,+917100582968,0.0,0
1012,Bala Patil,4,+918778827038,0.0,0
1013,Aakash Sethi,4,+916422807973,0.0,0
1014,Harshit Dubey,4,+917755460660,0.0,0
1015,Mukesh Mehta,4,+919393145630,0.0,0
1016,Archana Pandey,4,+916842862979,0.0,0
1017,Geetika Saxena,4,+916945362558,0.0,0
1018,Veena Chauhan,4,+916479025201,0.0,0
1019,Akash Das,4,+919497800553,0.0,0
1020,Pallavi Ghosh,4,+918968028454,0.0,0
1021,Harshit Khanna,4,+917107661580,0.0,0
1022,Niranjan Kapoor,4,+919283048386,0.0,0
1023,Megha Bhat,4,+916731536919,0.0,0
1024,Rajat Chopra,4,+918305999029,0.0,0
1025,Ravi Kumar,4,+918564445061,0.0,0
1026,Rashmi Singh,4,+917150427906,0.0,0
1027,Himanshu Pandey,4,+916713986637,0.0,0
1028,Meera Pillai,4,+917276610744,0.0,0
1029,Pawan Patel,4,+918368875123,0.0,0
1030,Sahil Reddy,4,+919920444599,0.0,0
1031,Dhruv Patil,4,+918844493568,0.0,0
1032,Kiran Nair,4,+916700498762,0.0,0
1033,Hritik Rao,4,+916586846620,0.0,0
1034,Yogesh Patel,4,+919655353112,0.0,0
1035,Lakshmi Dhawan,4,+917715481841,0.0,0
1036,Hari Chauhan,4,+917361082984,0.0,0
1037,Ujjwal Desai,4,+918726706507,0.0,0
1038,Hema Banerjee,4,+918108677810,0.0,0
1039,Keerthi Kumar,4,+919469169730,0.0,0
1040,Hema Mishra,4,+919846016035,0.0,0
1041,Megha Pandey,4,+918549570641,0.0,0
1042,Harini Rao,4,+916785870900,0.0,0
1043,Prem Pandey,5,+919320456760,7.96,156
1044,Varun Banerjee,5,+919308739111,8.27,148
1045,Ishaan Mishra,5,+918286988502,7.73,156
1046,Tushar Bhat,5,+917123076889,8.3,148
1047,Uday Patil,5,+916463336272,5.89,148
1048,Jagdish Dubey,5,+916227231238,6.64,148
1049,Archana Dubey,5,+917149601706,9.49,142
1050,Leela Agarwal,5,+917645750195,6.48,150
1051,Nikita Patil,5,+918635354547,6.48,124
1052,Chaitra Chowdhury,5,+919608693948,9.03,156
1053,Jaya Chauhan,5,+917525094361,6.79,150
1054,Revathi Mehta,5,+916244236074,8.16,148
1055,Prasad Ghosh,5,+918557523905,7.6,156
1056,Diya Patil,5,+916292807232,9.12,156
1057,Naveen Kapoor,5,+916943825024,8.65,148
1058,Daksh Mishra,5,+918311147379,6.85,148
1059,Garima Mishra,5,+917907865473,8.95,156
1060,Juhi Desai,5,+919535679851,9.86,148
1061,Vasudha Verma,5,+919344360546,6.64,148
1062,Hemant Sinha,5,+919465780431,9.21,156
1063,Fatima Tiwari,5,+917571029923,7.31,156
1064,Siddharth Mukherjee,5,+916636656386,8.72,148
1065,Charu Saxena,5,+918450125214,9.62,148
1066,Leela Bose,5,+919509437695,6.79,124
1067,Riya Pandey,5,+919786124569,8.53,140
1068,Geetika Patel,5,+917313673270,6.73,156
1069,Lakshmi Sinha,5,+916495837354,8.22,156
1070,Brijesh Tiwari,5,+919897943460,6.79,156
1071,Ila Dutta,5,+919270490067,7.8,148
1072,Charu Sinha,5,+918316576663,2.79,156
1073,Niranjan Khanna,5,+919596815461,8.32,156
1074,Arun Desai,5,+918519930083,8.86,140
1075,Hari Thakur,5,+919591589232,5.56,150
1076,Fatima Singh,5,+917269578434,7.45,156
1077,Fatima Thakur,5,+917629878254,8.81,148
1078,Mayank Shah,5,+919584188831,5.91,148
1079,Chaitanya Patil,5,+918900965698,9.58,142
1080,Ila Joshi,5,+918819724388,9.2,148
1081,Tushar Chowdhury,5,+919250598472,8.57,144
1082,Chetna Nair,5,+917415835422,7.5,156
1083,Akash Hegde,5,+918264815590,6.15,156
1084,Aakash Chatterjee,5,+919848121420,5.17,156
1085,Sunita Nair,5,+919841254136,9.72,148
1086,Xerxes Mishra,5,+917502271684,3.08,156
1087,Pranav Dutta,5,+917877401428,7.87,156
1088,Keerthi Menon,5,+917770737907,7.81,148
1089,Chetan Sharma,5,+919802219378,6.93,150
1090,Harshit Rajan,5,+918147179086,6.36,148
1091,Rahul Chowdhury,5,+917370518677,7.59,156
1092,Mukesh Swamy,5,+918815509975,7.14,148
1093,Ritika Kapoor,5,+916349758689,6.63,156
1094,Naman Pillai,5,+916164341850,7.23,150
1095,Om Singh,5,+917878793986,6.6,156
1096,Harshit Shah,5,+916659282971,6.73,142
1097,Rajat Thakur,5,+918468001834,8.27,148
1098,Laxman Rao,5,+919659926223,9.77,156
1099,Isha Menon,5,+917319279570,5.99,148
1100,Kartik Pillai,5,+916557671519,7.23,148
1101,Devika Bose,5,+917425451904,6.0,148
1102,Chaitra Gupta,5,+918527611745,7.49,156
1103,Pawan Verma,5,+919121271982,9.45,156
1104,Pankaj Bose,5,+917693620463,8.09,148
1105,Shubham Malhotra,5,+919177244613,7.83,156
1106,Aditi Sharma,5,+918627694409,7.47,156
1107,Urvi Khanna,5,+918788320816,9.38,156
1108,Waris Dubey,5,+918928145258,8.74,156
1109,Fatima Kumar,5,+919555309840,9.45,156
1110,Leela Chowdhury,5,+916848904238,7.5,148
1111,Vidya Mehta,5,+917746552918,8.85,148
1112,Pallavi Rajan,5,+919526991604,9.08,150
1113,Mihir Iyer,5,+919371518421,8.03,148
1114,Vijay Mukherjee,5,+919907950191,9.76,148
1115,Zubin Desai,5,+917388859459,8.55,156
1116,Bharat Khanna,5,+916204014085,5.64,156
1117,Oviya Dubey,5,+917289409450,8.24,134
1118,Rohit Chauhan,5,+917299327335,6.74,148
1119,Riya Menon,5,+917185695123,7.79,140
1120,Aryan Khanna,5,+916110207613,9.01,156
1121,Esha Nair,5,+917660852445,8.44,140
1122,Ayush Khanna,5,+919912727686,7.56,156
1123,Vivek Pillai,5,+918814122368,5.69,156
1124,Chandra Bose,5,+916669758914,5.22,156
1125,Hari Hegde,5,+919652884702,7.69,150
1126,Prem Shah,5,+919350781693,7.21,156
1127,Naman Mahajan,5,+916888424722,6.12,156
1128,Padma Chowdhury,5,+916237290086,5.62,148
1129,Devi Iyer,5,+919224208992,8.12,148
1130,Sunita Swamy,5,+916213247207,8.76,156
1131,Urvi Agarwal,5,+917872208263,8.2,150
1132,Malini Khanna,5,+916954205066,7.46,148
1133,Shubham Chowdhury,5,+919802140873,5.48,150
1134,Pooja Mehta,5,+916412433640,3.86,140
1135,Raghu Das,5,+918236813458,9.74,156
1136,Vaishnavi Dubey,5,+918928156566,5.34,148
1137,Basant Dhawan,5,+917214445764,7.18,156
1138,Naveen Rao,5,+919830123959,8.18,156
1139,Ganesh Singh,5,+918431669646,8.08,148
1140,Padma Mahajan,5,+917631529611,9.14,156
1141,Zara Chowdhury,5,+917886685642,7.11,150
1142,Nitin Saxena,5,+918975112646,8.41,140
1143,Jyoti Saxena,5,+919177119592,6.5,156
1144,Falguni Saxena,5,+916240553542,6.23,150
1145,Tarun Swamy,5,+919412546455,7.85,148
1146,Rekha Nair,5,+917504323699,9.65,148
1147,Devika Kumar,5,+916653444307,7.61,148
1148,Simran Saxena,5,+919425010492,7.6,156
1149,Eklavya Dutta,5,+916935082100,7.68,148
1150,Tarun Kulkarni,5,+916228849432,5.28,156
1151,Vijay Sethi,5,+919393909769,7.77,156
1152,Payal Swamy,5,+919420365200,9.36,156
1153,Ela Swamy,5,+916522835822,6.28,156
1154,Rashmi Dhawan,5,+916909073286,7.6,156
1155,Indra Chauhan,5,+918232118892,4.67,156
1156,Nikhil Das,5,+918490369190,7.24,148
1157,Uday Sethi,5,+919846359545,6.76,156
1158,Trilok Singh,5,+917139442778,4.32,156
1159,Basant Malhotra,5,+917735422310,6.69,156
1160,Yamini Mehta,5,+919797684086,5.96,148
1161,Brijesh Chatterjee,5,+916775993707,7.65,148
1162,Revathi Sethi,5,+917550634913,7.38,156
1163,Basant Pillai,5,+916390044760,5.55,156
1164,Naina Gupta,5,+918458111525,7.0,150
1165,Priya Patil,5,+917506553391,3.64,156
1166,Geetika Nair,5,+918852108407,8.61,150
1167,Harsh Iyer,5,+918907317394,5.76,156
1168,Aakash Malhotra,5,+919612026532,6.59,156
1169,Sunita Joshi,5,+917506734117,7.64,156
1170,Aadhira Bose,5,+919858906506,7.27,156
1171,Kunal Agarwal,5,+919658984263,7.99,148
1172,Omkar Mukherjee,5,+919927402258,8.74,156
1173,Pallavi Iyer,5,+916190822582,7.87,156
1174,Mihir Hegde,5,+917615026653,6.73,156
1175,Shreya Saxena,5,+916761732704,9.5,156
1176,Ishan Pillai,5,+916752162382,7.54,156
1177,Kriti Kumar,5,+919632047514,8.76,148
1178,Uma Bhatt,5,+916411454646,8.35,148
1179,Neha Mukherjee,5,+916597203646,8.91,156
1180,Riya Sharma,5,+918875707160,8.73,156
1181,Nikhil Chopra,5,+917541006226,7.32,142
1182,Pooja Mahajan,5,+919501911728,8.28,142
1183,Riya Chauhan,5,+919273768263,9.71,156
1184,Ila Mishra,5,+916303546093,6.84,148
1185,Dhruv Iyer,5,+917614639071,9.63,156
1186,Harini Hegde,5,+917448845506,8.36,148
1187,Qasim Patil,5,+917217824679,9.32,156
1188,Isha Hegde,5,+918561349329,7.31,148
1189,Zara Thakur,5,+917367862922,7.96,156
1190,Umesh Dubey,5,+917608838545,7.1,156
1191,Ekta Mishra,5,+917346299407,6.85,156
1192,Vidya Dubey,5,+916761926785,6.46,148
1193,Ganesh Menon,5,+917338129347,7.04,156
1194,Radhika Das,5,+918490386919,7.09,148
1195,Harsh Bhat,5,+916100575452,6.73,140
1196,Pawan Bhat,5,+918627514698,6.57,148
1197,Qasim Kulkarni,5,+918355821370,8.35,156
1198,Sneha Menon,5,+916144065218,6.87,156
1199,Haripriya Chauhan,5,+916180401357,5.66,134
1200,Zara Singh,5,+917305843534,4.93,150
1201,Keerthi Desai,5,+918581554115,8.32,150
1202,Trisha Kapoor,5,+916279245228,9.24,156
1203,Eklavya Mishra,5,+919631530009,6.7,80
1204,Aman Patil,5,+919751995775,7.89,72
1205,Fatima Sharma,5,+919640970200,8.2,80
1206,Hemant Das,5,+917340442416,8.2,80
1207,Harshit Joshi,5,+918948923178,6.9,80
1208,Preeti Shah,5,+916857483748,7.3,80
1209,Kamal Sharma,5,+918335449670,7.3,80
1210,Aman Dhawan,5,+916875888196,7.2,80
1211,Mukesh Bose,5,+917977082820,8.2,80
1212,Tanuja Saxena,5,+917578948886,6.7,80
1213,Pallavi Khanna,5,+917593266377,7.12,64
1214,Nitin Bhat,5,+918122599372,5.22,72
1215,Gauri Reddy,5,+917177361692,6.22,72
1216,Malini Chopra,5,+917880357575,4.7,80
1217,Yamuna Gupta,5,+918253153814,7.1,80
1218,Nikhil Mishra,5,+917615852872,6.78,72
1219,Aryan Verma,5,+917159995868,7.11,72
1220,Daksh Banerjee,5,+916649264485,6.8,80
1221,Charu Patil,5,+916628088326,8.4,80
1222,Manan Reddy,5,+918227078391,7.9,80
1223,Damini Bose,5,+917829535965,6.5,80
1224,Kunal Desai,5,+916391084190,9.4,80
1225,Yash Rajan,5,+917443872264,3.4,80
1226,Lakshmi Das,5,+919880296481,7.0,80
1227,Mihir Mahajan,5,+919746116751,6.9,80
1228,Tushar Patil,5,+919689848541,7.1,80
1229,Urvi Gupta,5,+919665803901,6.33,72
1230,Sahil Kulkarni,5,+916318269877,8.33,72
1231,Aman Joshi,5,+918594338271,7.5,80
1232,Jayesh Rathore,5,+917225880985,5.7,80
1233,Manav Mahajan,5,+917132411682,4.56,72
1234,Waris Bhat,5,+919898389261,5.0,80
1235,Rohit Verma,5,+916789830038,4.3,80
1236,Arun Malhotra,5,+918714250258,7.89,72
1237,Pallavi Chopra,5,+919234360915,9.6,80
1238,Raghu Malhotra,5,+916976773369,7.1,80
1239,Tanmay Iyer,5,+916962578964,7.89,72
1240,Namita Bose,5,+918130117239,8.4,80
1241,Akash Mukherjee,5,+917692374111,7.2,80
1242,Niranjan Sethi,5,+916705310487,5.8,80
1243,Lata Mishra,5,+918907284495,0.0,0
1244,Chirag Tiwari,5,+916639208572,0.0,0
1245,Madhavi Iyer,5,+917832693486,0.0,0
1246,Neha Hegde,5,+917925520324,0.0,0
1247,Chetna Rajan,5,+918580478208,0.0,0
1248,Pawan Singh,5,+919356743087,0.0,0
1249,Kamal Khanna,5,+916964068440,0.0,0
1250,Omkar Khanna,5,+916588346218,0.0,0
1251,Ojas Desai,5,+916176379467,0.0,0
1252,Yamini Chauhan,5,+917233107713,0.0,0
1253,Bala Joshi,5,+919493775775,0.0,0
1254,Bala Singh,5,+916895688388,0.0,0
1255,Rahul Banerjee,5,+919269872191,0.0,0
1256,Veena Gupta,5,+918600232257,0.0,0
1257,Aparna Dubey,5,+917531129323,0.0,0
1258,Harshit Sinha,5,+916685276505,0.0,0
1259,Dhruv Bose,5,+919167001765,0.0,0
1260,Vasudha Hegde,5,+919389747205,0.0,0
1261,Nandini Mukherjee,5,+919550672916,0.0,0
1262,Pallavi Dubey,5,+918908716628,0.0,0
1263,Fatima Dubey,5,+918843997253,0.0,0
1264,Ishaan Reddy,5,+917447605203,0.0,0
1265,Oviya Shah,5,+916261604880,0.0,0
1266,Yogesh Tiwari,5,+918659088455,0.0,0
1267,Sourav Nair,5,+916334744410,0.0,0
1268,Archana Patil,5,+917473754019,0.0,0
1269,Preeti Kulkarni,5,+916424210400,0.0,0
1270,Ravi Sinha,5,+919540649487,0.0,0
1271,Damini Das,5,+917592658048,0.0,0
1272,Tanmay Banerjee,5,+919780867460,0.0,0
1273,Omkar Nair,5,+916797529095,0.0,0
1274,Jagdish Bhatt,5,+916780242454,0.0,0
1275,Kritika Chatterjee,5,+917934168821,0.0,0
1276,Shreya Desai,5,+919543385303,0.0,0
1277,Revathi Rao,5,+918387343124,0.0,0
1278,Ananya Patel,5,+917948803790,0.0,0
1279,Damini Iyer,5,+919359664179,0.0,0
1280,Isha Sethi,5,+919238373601,0.0,0
1281,Ritika Nair,5,+917641441883,0.0,0
1282,Abhishek Malhotra,5,+917446179340,0.0,0
